{"cameraMode":{"drawMode":0,"name":"Shaded","section":"Shading Mode"},"sceneLighting":false,"audioPlay":false,"sceneViewState":{"m_AlwaysRefresh":false,"showFog":true,"showSkybox":false,"showFlares":true,"showImageEffects":true,"showParticleSystems":true,"showVisualEffectGraphs":true,"m_FxEnabled":true},"in2DMode":false,"pivot":{"x":0.23472242057323457,"y":7.888329982757568,"z":-2.848191261291504},"rotation":{"x":-0.23217205703258515,"y":-0.0008783022058196366,"z":0.00020983362628612667,"w":-0.9726772308349609},"size":0.4330126941204071,"orthographic":false}