{"cameraMode":{"drawMode":0,"name":"Shaded","section":"Shading Mode"},"sceneLighting":false,"audioPlay":false,"sceneViewState":{"m_AlwaysRefresh":false,"showFog":true,"showSkybox":false,"showFlares":true,"showImageEffects":true,"showParticleSystems":true,"showVisualEffectGraphs":true,"m_FxEnabled":true},"in2DMode":false,"pivot":{"x":0.14945542812347413,"y":0.7924377918243408,"z":-0.6722617149353027},"rotation":{"x":-0.11828072369098664,"y":0.4764334559440613,"z":-0.0648617148399353,"w":-0.8688052892684937},"size":0.8660253882408142,"orthographic":false}